-- phpMyAdmin SQL Dump
-- version 4.8.3
-- https://www.phpmyadmin.net/
--
-- Host: 127.0.0.1
-- Generation Time: Oct 30, 2018 at 11:58 AM
-- Server version: 10.1.36-MariaDB
-- PHP Version: 7.2.11

SET SQL_MODE = "NO_AUTO_VALUE_ON_ZERO";
SET AUTOCOMMIT = 0;
START TRANSACTION;
SET time_zone = "+00:00";


/*!40101 SET @OLD_CHARACTER_SET_CLIENT=@@CHARACTER_SET_CLIENT */;
/*!40101 SET @OLD_CHARACTER_SET_RESULTS=@@CHARACTER_SET_RESULTS */;
/*!40101 SET @OLD_COLLATION_CONNECTION=@@COLLATION_CONNECTION */;
/*!40101 SET NAMES utf8mb4 */;

--
-- Database: `football`
--

DELIMITER $$
--
-- Procedures
--
CREATE DEFINER=`root`@`localhost` PROCEDURE `calculate` ()  INSERT INTO `scoreboard`(`player_id`, `points`) VALUES (5,7)$$

CREATE DEFINER=`root`@`localhost` PROCEDURE `insert_data` (IN `p_cur` INT, IN `p_max` INT)  BEGIN
    TRUNCATE TABLE `test_table`;
    START TRANSACTION;
    WHILE p_cur <= p_max do
        INSERT INTO `test_table`(`id`,`ip`) VALUES (p_cur, RAND()*10);
        SET p_cur = p_cur + 1;
    END WHILE;
    COMMIT;
END$$

DELIMITER ;

-- --------------------------------------------------------

--
-- Table structure for table `dream_team`
--

CREATE TABLE `dream_team` (
  `email` varchar(255) NOT NULL,
  `pid` int(255) NOT NULL
) ENGINE=InnoDB DEFAULT CHARSET=latin1;

--
-- Dumping data for table `dream_team`
--

INSERT INTO `dream_team` (`email`, `pid`) VALUES
('at344@gmail.com', 1);

-- --------------------------------------------------------

--
-- Table structure for table `players`
--

CREATE TABLE `players` (
  `p_id` int(255) NOT NULL,
  `kit_no` int(255) NOT NULL,
  `age` int(255) NOT NULL,
  `name` varchar(255) NOT NULL,
  `position` varchar(255) NOT NULL,
  `goals` int(255) NOT NULL,
  `yellow cards` int(11) NOT NULL,
  `red cards` int(11) NOT NULL,
  `assists` int(11) NOT NULL,
  `team` int(11) DEFAULT NULL
) ENGINE=InnoDB DEFAULT CHARSET=latin1;

--
-- Dumping data for table `players`
--

INSERT INTO `players` (`p_id`, `kit_no`, `age`, `name`, `position`, `goals`, `yellow cards`, `red cards`, `assists`, `team`) VALUES
(1, 3, 31, 'Rooney', 'CAM', 3, 0, 7, 5, 1),
(2, 2, 18, 'Akshay', 'Rightback', 10, 1, 5, 2, 1),
(3, 3, 20, 'Bhavik', 'Center', 12, 3, 8, 2, 1),
(4, 4, 18, 'Jainam', 'Leftback', 3, 11, 15, 12, 1),
(5, 5, 18, 'Nipun', 'Defender', 22, 3, 5, 12, 1),
(6, 6, 19, 'Sharvai', 'Centerforward', 22, 1, 2, 3, 1),
(7, 7, 20, 'Darshan', 'Goalkeeper', 22, 10, 2, 1, 1),
(8, 8, 19, 'Dhruvil', 'Centerforward', 28, 5, 2, 3, 1),
(9, 9, 20, 'Parshva', 'Goalkeeper', 12, 20, 12, 1, 1),
(10, 10, 19, 'Neel', 'Forward', 18, 15, 12, 13, 1),
(11, 11, 20, 'Chirag', 'Defender', 22, 10, 2, 1, 2),
(12, 12, 20, 'Aayush', 'Centerforward', 2, 0, 2, 1, 2),
(13, 13, 20, 'Ayush', 'Defender', 12, 10, 21, 11, 2),
(14, 14, 20, 'Jeet', 'Rightback', 12, 20, 22, 31, 2),
(15, 15, 20, 'Vatsal', 'Rightback', 22, 10, 2, 1, 2),
(16, 16, 20, 'Animesh', 'Defender', 2, 11, 4, 13, 2),
(17, 17, 20, 'Adam', 'Defender', 32, 50, 22, 31, 2),
(18, 18, 20, 'Ninad', 'Defender', 24, 16, 22, 11, 2),
(19, 19, 20, 'Tirth', 'Leftback', 12, 16, 2, 1, 2),
(20, 20, 20, 'Dhruvit', 'Leftback', 4, 6, 2, 1, 2),
(21, 21, 20, 'Amit', 'Center', 2, 5, 5, 3, 3),
(22, 22, 20, 'Hardik', 'Defender', 3, 6, 4, 5, 3),
(23, 23, 20, 'Mihir', 'Center', 22, 15, 15, 13, 3),
(24, 24, 20, 'Jasdeep', 'Defender', 3, 6, 4, 5, 3),
(25, 25, 18, 'Tushar', 'Center', 6, 6, 3, 9, 3),
(26, 26, 20, 'Sangram', 'Goalkeeper', 12, 15, 15, 13, 3),
(27, 27, 20, 'Jay', 'Center', 2, 5, 15, 3, 3),
(28, 28, 20, 'Rushabh', 'Center', 1, 1, 5, 1, 3),
(29, 29, 20, 'Hatim', 'Center', 1, 15, 15, 13, 3),
(30, 30, 20, 'Meet', 'Leftback', 12, 5, 5, 30, 3),
(31, 1, 18, 'Aniket', 'Center', 2, 1, 5, 1, 1);

-- --------------------------------------------------------

--
-- Table structure for table `register`
--

CREATE TABLE `register` (
  `name` varchar(255) NOT NULL,
  `email` varchar(255) NOT NULL,
  `password` varchar(255) NOT NULL,
  `gender` varchar(255) NOT NULL
) ENGINE=InnoDB DEFAULT CHARSET=latin1;

--
-- Dumping data for table `register`
--

INSERT INTO `register` (`name`, `email`, `password`, `gender`) VALUES
('Ruchi', 'at344@gmail.com', 'dhruvil', 'female'),
('sheep123', 'detectivedhruvit99@gmail.com', 'asdfgthji', 'male'),
('Parshva Barbhaya', 'parshva.bharbhaya@gmail.com', 'reb12345', 'male');

-- --------------------------------------------------------

--
-- Table structure for table `teams`
--

CREATE TABLE `teams` (
  `team_id` int(255) NOT NULL,
  `team_name` varchar(255) NOT NULL,
  `points` int(255) DEFAULT NULL,
  `yellow total fouls` int(255) DEFAULT NULL,
  `red total fouls` int(255) DEFAULT NULL,
  `no. of past wins` int(255) DEFAULT NULL
) ENGINE=InnoDB DEFAULT CHARSET=latin1;

--
-- Dumping data for table `teams`
--

INSERT INTO `teams` (`team_id`, `team_name`, `points`, `yellow total fouls`, `red total fouls`, `no. of past wins`) VALUES
(1, 'ManU', 23, 4, 5, 2),
(2, 'Chelsea', 33, 5, 7, 7),
(3, 'Arsenal', 34, 3, 6, 5);

-- --------------------------------------------------------

--
-- Table structure for table `test_table`
--

CREATE TABLE `test_table` (
  `id` int(11) NOT NULL,
  `ip` int(30) DEFAULT NULL
) ENGINE=InnoDB DEFAULT CHARSET=latin1;

--
-- Dumping data for table `test_table`
--

INSERT INTO `test_table` (`id`, `ip`) VALUES
(1, 4),
(2, 7),
(3, 0),
(4, 1),
(5, 6),
(6, 6),
(7, 2),
(8, 1),
(9, 1),
(10, 3),
(11, 9),
(12, 5),
(13, 1),
(14, 9),
(15, 2),
(16, 5),
(17, 7),
(18, 1),
(19, 4),
(20, 8),
(21, 6),
(22, 5),
(23, 8),
(24, 7),
(25, 10),
(26, 8),
(27, 2),
(28, 5),
(29, 7),
(30, 1),
(31, 4),
(32, 6),
(33, 0),
(34, 2),
(35, 10),
(36, 3),
(37, 4),
(38, 1),
(39, 3),
(40, 2),
(41, 3),
(42, 8),
(43, 0),
(44, 7),
(45, 5),
(46, 5),
(47, 9),
(48, 9),
(49, 1),
(50, 5),
(51, 5),
(52, 9),
(53, 9),
(54, 8),
(55, 4),
(56, 6),
(57, 9),
(58, 7),
(59, 6),
(60, 9),
(61, 8),
(62, 5),
(63, 9),
(64, 8),
(65, 7),
(66, 7),
(67, 7),
(68, 2),
(69, 10),
(70, 4),
(71, 8),
(72, 8),
(73, 8),
(74, 4),
(75, 9),
(76, 1),
(77, 6),
(78, 10),
(79, 1),
(80, 5),
(81, 1),
(82, 2),
(83, 6),
(84, 4),
(85, 1),
(86, 2),
(87, 10),
(88, 2),
(89, 10),
(90, 3),
(91, 8),
(92, 8),
(93, 6),
(94, 7),
(95, 5),
(96, 4),
(97, 6),
(98, 7),
(99, 8),
(100, 9),
(101, 10),
(102, 3),
(103, 6),
(104, 9),
(105, 8),
(106, 3),
(107, 3),
(108, 3),
(109, 9),
(110, 5),
(111, 8),
(112, 3),
(113, 2),
(114, 9),
(115, 2),
(116, 1),
(117, 9),
(118, 1),
(119, 1),
(120, 1),
(121, 1),
(122, 3),
(123, 2),
(124, 2),
(125, 2),
(126, 6),
(127, 4),
(128, 3),
(129, 1),
(130, 4),
(131, 1),
(132, 1),
(133, 3),
(134, 2),
(135, 9),
(136, 2),
(137, 2),
(138, 4),
(139, 3),
(140, 3),
(141, 7),
(142, 6),
(143, 10),
(144, 0),
(145, 2),
(146, 0),
(147, 5),
(148, 5),
(149, 1),
(150, 9),
(151, 2),
(152, 1),
(153, 2),
(154, 4),
(155, 5),
(156, 2),
(157, 6),
(158, 6),
(159, 9),
(160, 0),
(161, 2),
(162, 9),
(163, 8),
(164, 4),
(165, 6),
(166, 7),
(167, 6),
(168, 1),
(169, 8),
(170, 5),
(171, 10),
(172, 5),
(173, 5),
(174, 0),
(175, 6),
(176, 1),
(177, 5),
(178, 4),
(179, 2),
(180, 0),
(181, 4),
(182, 10),
(183, 7),
(184, 4),
(185, 1),
(186, 3),
(187, 2),
(188, 9),
(189, 0),
(190, 4),
(191, 8),
(192, 9),
(193, 2),
(194, 2),
(195, 6),
(196, 3),
(197, 6),
(198, 1),
(199, 6),
(200, 8),
(201, 2),
(202, 8),
(203, 1),
(204, 4),
(205, 7),
(206, 0),
(207, 2),
(208, 10),
(209, 2),
(210, 9),
(211, 10),
(212, 3),
(213, 3),
(214, 9),
(215, 5),
(216, 8),
(217, 6),
(218, 4),
(219, 5),
(220, 0),
(221, 8),
(222, 9),
(223, 0),
(224, 4),
(225, 9),
(226, 3),
(227, 6),
(228, 4),
(229, 1),
(230, 2),
(231, 9),
(232, 8),
(233, 1),
(234, 3),
(235, 3),
(236, 4),
(237, 3),
(238, 4),
(239, 8),
(240, 1),
(241, 10),
(242, 6),
(243, 1),
(244, 9),
(245, 9),
(246, 7),
(247, 1),
(248, 2),
(249, 8),
(250, 2),
(251, 8),
(252, 4),
(253, 5),
(254, 3),
(255, 2),
(256, 1),
(257, 7),
(258, 2),
(259, 10),
(260, 4),
(261, 8),
(262, 8),
(263, 7),
(264, 3),
(265, 2),
(266, 2),
(267, 2),
(268, 5),
(269, 8),
(270, 5),
(271, 3),
(272, 7),
(273, 9),
(274, 3),
(275, 6),
(276, 3),
(277, 9),
(278, 2),
(279, 6),
(280, 2),
(281, 2),
(282, 6),
(283, 4),
(284, 2),
(285, 7),
(286, 9),
(287, 3),
(288, 8),
(289, 1),
(290, 1),
(291, 2),
(292, 6),
(293, 5),
(294, 7),
(295, 8),
(296, 2),
(297, 4),
(298, 4),
(299, 7),
(300, 4),
(301, 1),
(302, 1),
(303, 1),
(304, 1),
(305, 5),
(306, 3),
(307, 7),
(308, 7),
(309, 6),
(310, 6),
(311, 5),
(312, 4),
(313, 6),
(314, 6),
(315, 5),
(316, 5),
(317, 2),
(318, 4),
(319, 3),
(320, 2),
(321, 4),
(322, 2),
(323, 7),
(324, 8),
(325, 0),
(326, 7),
(327, 3),
(328, 6),
(329, 10),
(330, 0),
(331, 3),
(332, 6),
(333, 9),
(334, 8),
(335, 5),
(336, 8),
(337, 6),
(338, 5),
(339, 6),
(340, 8),
(341, 1),
(342, 10),
(343, 7),
(344, 5),
(345, 2),
(346, 8),
(347, 1),
(348, 3),
(349, 10),
(350, 0),
(351, 3),
(352, 6),
(353, 9),
(354, 7),
(355, 8),
(356, 8),
(357, 9),
(358, 9),
(359, 0),
(360, 2),
(361, 0),
(362, 5),
(363, 3),
(364, 1),
(365, 7),
(366, 2),
(367, 7),
(368, 0),
(369, 0),
(370, 9),
(371, 7),
(372, 7),
(373, 5),
(374, 2),
(375, 6),
(376, 5),
(377, 8),
(378, 4),
(379, 5),
(380, 2),
(381, 4),
(382, 7),
(383, 3),
(384, 1),
(385, 9),
(386, 2),
(387, 2),
(388, 6),
(389, 4),
(390, 0),
(391, 0),
(392, 10),
(393, 8),
(394, 10),
(395, 5),
(396, 5),
(397, 9),
(398, 1),
(399, 8),
(400, 6),
(401, 6),
(402, 2),
(403, 0),
(404, 7),
(405, 5),
(406, 5),
(407, 9),
(408, 10),
(409, 1),
(410, 6),
(411, 8),
(412, 9),
(413, 4),
(414, 3),
(415, 4),
(416, 9),
(417, 5),
(418, 9),
(419, 7),
(420, 0),
(421, 10),
(422, 8),
(423, 1),
(424, 2),
(425, 8),
(426, 2),
(427, 8),
(428, 2),
(429, 7),
(430, 8),
(431, 8),
(432, 5),
(433, 4),
(434, 4),
(435, 7),
(436, 5),
(437, 4),
(438, 3),
(439, 3),
(440, 6),
(441, 2),
(442, 1),
(443, 8),
(444, 10),
(445, 3),
(446, 8),
(447, 8),
(448, 8),
(449, 6),
(450, 6),
(451, 2),
(452, 2),
(453, 3),
(454, 10),
(455, 0),
(456, 1),
(457, 3),
(458, 3),
(459, 8),
(460, 0),
(461, 6),
(462, 2),
(463, 10),
(464, 3),
(465, 6),
(466, 1),
(467, 7),
(468, 3),
(469, 1),
(470, 10),
(471, 3),
(472, 8),
(473, 0),
(474, 8),
(475, 9),
(476, 0),
(477, 5),
(478, 3),
(479, 0),
(480, 3),
(481, 4),
(482, 10),
(483, 8),
(484, 1),
(485, 9),
(486, 5),
(487, 7),
(488, 10),
(489, 8),
(490, 2),
(491, 3),
(492, 3),
(493, 2),
(494, 4),
(495, 2),
(496, 9),
(497, 7),
(498, 1),
(499, 1),
(500, 3),
(501, 2),
(502, 3),
(503, 8),
(504, 0),
(505, 7),
(506, 4),
(507, 10),
(508, 7),
(509, 5),
(510, 5),
(511, 9),
(512, 2),
(513, 2),
(514, 4),
(515, 2),
(516, 1),
(517, 8),
(518, 7),
(519, 2),
(520, 10),
(521, 1),
(522, 8),
(523, 4),
(524, 6),
(525, 0),
(526, 2),
(527, 0),
(528, 5),
(529, 2),
(530, 7),
(531, 0),
(532, 10),
(533, 7),
(534, 7),
(535, 5),
(536, 1),
(537, 1),
(538, 0),
(539, 0),
(540, 1),
(541, 3),
(542, 1),
(543, 7),
(544, 3),
(545, 2),
(546, 2),
(547, 5),
(548, 8),
(549, 4),
(550, 8),
(551, 7),
(552, 1),
(553, 3),
(554, 2),
(555, 4),
(556, 1),
(557, 2),
(558, 9),
(559, 9),
(560, 7),
(561, 8),
(562, 10),
(563, 4),
(564, 1),
(565, 5),
(566, 0),
(567, 6),
(568, 1),
(569, 4),
(570, 10),
(571, 6),
(572, 9),
(573, 8),
(574, 3),
(575, 1),
(576, 5),
(577, 3),
(578, 1),
(579, 6),
(580, 4),
(581, 5),
(582, 2),
(583, 4),
(584, 6),
(585, 7),
(586, 9),
(587, 3),
(588, 10),
(589, 8),
(590, 2),
(591, 5),
(592, 0),
(593, 5),
(594, 2),
(595, 9),
(596, 7),
(597, 8),
(598, 0),
(599, 7),
(600, 2),
(601, 10),
(602, 3),
(603, 4),
(604, 4),
(605, 7),
(606, 5),
(607, 1),
(608, 2),
(609, 8),
(610, 4),
(611, 7),
(612, 0),
(613, 2),
(614, 9),
(615, 8),
(616, 2),
(617, 9),
(618, 8),
(619, 1),
(620, 1),
(621, 3),
(622, 10),
(623, 1),
(624, 7),
(625, 3),
(626, 1),
(627, 6),
(628, 9),
(629, 7),
(630, 7),
(631, 3),
(632, 5),
(633, 4),
(634, 7),
(635, 3),
(636, 3),
(637, 7),
(638, 6),
(639, 1),
(640, 3),
(641, 5),
(642, 7),
(643, 8),
(644, 10),
(645, 4),
(646, 3),
(647, 2),
(648, 1),
(649, 9),
(650, 3),
(651, 7),
(652, 8),
(653, 8),
(654, 7),
(655, 1),
(656, 4),
(657, 4),
(658, 2),
(659, 6),
(660, 3),
(661, 7),
(662, 8),
(663, 6),
(664, 7),
(665, 9),
(666, 3),
(667, 7),
(668, 5),
(669, 4),
(670, 5),
(671, 3),
(672, 9),
(673, 7),
(674, 9),
(675, 3),
(676, 7),
(677, 8),
(678, 9),
(679, 9),
(680, 9),
(681, 7),
(682, 7),
(683, 4),
(684, 1),
(685, 2),
(686, 8),
(687, 5),
(688, 0),
(689, 7),
(690, 3),
(691, 6),
(692, 8),
(693, 4),
(694, 7),
(695, 4),
(696, 7),
(697, 3),
(698, 4),
(699, 0),
(700, 9),
(701, 6),
(702, 4),
(703, 10),
(704, 7),
(705, 4),
(706, 0),
(707, 10),
(708, 7),
(709, 8),
(710, 8),
(711, 6),
(712, 5),
(713, 8),
(714, 5),
(715, 10),
(716, 5),
(717, 4),
(718, 6),
(719, 9),
(720, 6),
(721, 1),
(722, 9),
(723, 3),
(724, 5),
(725, 9),
(726, 7),
(727, 10),
(728, 8),
(729, 9),
(730, 1),
(731, 9),
(732, 3),
(733, 8),
(734, 1),
(735, 9),
(736, 2),
(737, 3),
(738, 9),
(739, 8),
(740, 1),
(741, 1),
(742, 1),
(743, 5),
(744, 9),
(745, 9),
(746, 1),
(747, 6),
(748, 8),
(749, 4),
(750, 3),
(751, 3),
(752, 8),
(753, 9),
(754, 3),
(755, 9),
(756, 5),
(757, 8),
(758, 6),
(759, 4),
(760, 1),
(761, 5),
(762, 3),
(763, 10),
(764, 9),
(765, 7),
(766, 8),
(767, 10),
(768, 5),
(769, 4),
(770, 5),
(771, 2),
(772, 7),
(773, 8),
(774, 9),
(775, 0),
(776, 6),
(777, 7),
(778, 8),
(779, 8),
(780, 5),
(781, 2),
(782, 7),
(783, 9),
(784, 2),
(785, 2),
(786, 5),
(787, 0),
(788, 5),
(789, 3),
(790, 1),
(791, 8),
(792, 5),
(793, 3),
(794, 9),
(795, 5),
(796, 8),
(797, 4),
(798, 6),
(799, 9),
(800, 8),
(801, 3),
(802, 9),
(803, 6),
(804, 4),
(805, 0),
(806, 10),
(807, 8),
(808, 9),
(809, 2),
(810, 3),
(811, 0),
(812, 2),
(813, 1),
(814, 5),
(815, 6),
(816, 2),
(817, 5),
(818, 8),
(819, 3),
(820, 3),
(821, 5),
(822, 8),
(823, 5),
(824, 2),
(825, 4),
(826, 5),
(827, 1),
(828, 9),
(829, 4),
(830, 0),
(831, 1),
(832, 5),
(833, 2),
(834, 5),
(835, 7),
(836, 1),
(837, 5),
(838, 0),
(839, 7),
(840, 5),
(841, 5),
(842, 9),
(843, 8),
(844, 5),
(845, 0),
(846, 8),
(847, 6),
(848, 8),
(849, 1),
(850, 2),
(851, 5),
(852, 2),
(853, 3),
(854, 9),
(855, 7),
(856, 8),
(857, 7),
(858, 3),
(859, 4),
(860, 2),
(861, 6),
(862, 3),
(863, 9),
(864, 5),
(865, 10),
(866, 2),
(867, 1),
(868, 8),
(869, 7),
(870, 10),
(871, 8),
(872, 2),
(873, 6),
(874, 4),
(875, 0),
(876, 1),
(877, 3),
(878, 4),
(879, 1),
(880, 3),
(881, 3),
(882, 4),
(883, 2),
(884, 7),
(885, 9),
(886, 2),
(887, 6),
(888, 3),
(889, 9),
(890, 3),
(891, 10),
(892, 9),
(893, 7),
(894, 6),
(895, 1),
(896, 4),
(897, 10),
(898, 6),
(899, 9),
(900, 7),
(901, 7),
(902, 4),
(903, 10),
(904, 6),
(905, 1),
(906, 8),
(907, 5),
(908, 0),
(909, 8),
(910, 7),
(911, 1),
(912, 7),
(913, 9),
(914, 7),
(915, 7),
(916, 4),
(917, 0),
(918, 8),
(919, 1),
(920, 2),
(921, 4),
(922, 3),
(923, 6),
(924, 9),
(925, 6),
(926, 2),
(927, 5),
(928, 8),
(929, 6),
(930, 6),
(931, 2),
(932, 0),
(933, 6),
(934, 9),
(935, 8),
(936, 2),
(937, 5),
(938, 9),
(939, 9),
(940, 1),
(941, 7),
(942, 2),
(943, 1),
(944, 7),
(945, 0),
(946, 2),
(947, 10),
(948, 2),
(949, 9),
(950, 2),
(951, 2),
(952, 6),
(953, 2),
(954, 1),
(955, 8),
(956, 10),
(957, 3),
(958, 7),
(959, 4),
(960, 8),
(961, 1),
(962, 8),
(963, 7),
(964, 3),
(965, 5),
(966, 6),
(967, 4),
(968, 4),
(969, 6),
(970, 0),
(971, 2),
(972, 1),
(973, 8),
(974, 6),
(975, 6),
(976, 0),
(977, 6),
(978, 7),
(979, 8),
(980, 7),
(981, 3),
(982, 5),
(983, 6),
(984, 5),
(985, 5),
(986, 3),
(987, 9),
(988, 5),
(989, 8),
(990, 7),
(991, 1),
(992, 3),
(993, 1),
(994, 7),
(995, 0),
(996, 2),
(997, 7),
(998, 1),
(999, 3),
(1000, 0);

--
-- Indexes for dumped tables
--

--
-- Indexes for table `dream_team`
--
ALTER TABLE `dream_team`
  ADD UNIQUE KEY `email` (`email`,`pid`);

--
-- Indexes for table `players`
--
ALTER TABLE `players`
  ADD PRIMARY KEY (`p_id`),
  ADD KEY `team` (`team`);

--
-- Indexes for table `register`
--
ALTER TABLE `register`
  ADD PRIMARY KEY (`email`);

--
-- Indexes for table `teams`
--
ALTER TABLE `teams`
  ADD PRIMARY KEY (`team_id`);

--
-- Indexes for table `test_table`
--
ALTER TABLE `test_table`
  ADD PRIMARY KEY (`id`);

--
-- AUTO_INCREMENT for dumped tables
--

--
-- AUTO_INCREMENT for table `players`
--
ALTER TABLE `players`
  MODIFY `p_id` int(255) NOT NULL AUTO_INCREMENT, AUTO_INCREMENT=32;

--
-- AUTO_INCREMENT for table `teams`
--
ALTER TABLE `teams`
  MODIFY `team_id` int(255) NOT NULL AUTO_INCREMENT, AUTO_INCREMENT=4;

--
-- Constraints for dumped tables
--

--
-- Constraints for table `players`
--
ALTER TABLE `players`
  ADD CONSTRAINT `players_ibfk_1` FOREIGN KEY (`team`) REFERENCES `teams` (`team_id`);
COMMIT;

/*!40101 SET CHARACTER_SET_CLIENT=@OLD_CHARACTER_SET_CLIENT */;
/*!40101 SET CHARACTER_SET_RESULTS=@OLD_CHARACTER_SET_RESULTS */;
/*!40101 SET COLLATION_CONNECTION=@OLD_COLLATION_CONNECTION */;
